"customer_id","customer_name","city"
1001,"Abhishek Verma","Noida"
1002,"Vivek Sharma","Agra"
1003,"Aditya Verma","Agra"
1004,"Abhishek Pandey","Prayagraj"
1005,"Saurabh Tiwari","Lucknow"
1006,"Ayush Mishra","Noida"
1007,"Karan Pandey","Agra"
1008,"Nitin Jain","Delhi"
1009,"Vivek Gupta","Kanpur"
1010,"Deepak Pandey","Lucknow"
1011,"Pankaj Jain","Noida"
1012,"Shubham Yadav","Kanpur"
1013,"Aditya Yadav","Lucknow"
1014,"Aditya Gupta","Delhi"
1015,"Deepak Yadav","Delhi"
1016,"Varun Mishra","Noida"
1017,"Rahul Agarwal","Lucknow"
1018,"Vikas Gupta","Prayagraj"
1019,"Nitin Pandey","Noida"
1020,"Mohit Pandey","Prayagraj"
1021,"Aditya Pandey","Kanpur"
1022,"Vikas Mishra","Lucknow"
1023,"Shubham Gupta","Delhi"
1024,"Yash Yadav","Agra"
1025,"Karan Agarwal","Delhi"
1026,"Nitin Agarwal","Delhi"
1027,"Abhishek Pandey","Delhi"
1028,"Manish Mishra","Lucknow"
1029,"Ankit Gupta","Delhi"
1030,"Ankit Agarwal","Prayagraj"
1031,"Rohit Gupta","Lucknow"
1032,"Aditya Mishra","Prayagraj"
1033,"Yash Agarwal","Noida"
1034,"Manish Verma","Lucknow"
1035,"Manish Gupta","Delhi"
1036,"Rohit Mishra","Kanpur"
1037,"Karan Singh","Delhi"
1038,"Amit Sharma","Noida"
1039,"Manish Singh","Prayagraj"
1040,"Aditya Verma","Kanpur"
1041,"Yash Mishra","Agra"
1042,"Aditya Pandey","Delhi"
1043,"Rohit Sharma","Delhi"
1044,"Aditya Verma","Kanpur"
1045,"Shubham Pandey","Kanpur"
1046,"Yash Sharma","Lucknow"
1047,"Saurabh Jain","Delhi"
1048,"Vikas Gupta","Kanpur"
1049,"Karan Tiwari","Noida"
1050,"Varun Jain","Lucknow"
1051,"Ayush Tiwari","Agra"
1052,"Pankaj Mishra","Noida"
1053,"Nitin Mishra","Noida"
1054,"Varun Sharma","Noida"
1055,"Ankit Gupta","Prayagraj"
1056,"Arjun Mishra","Prayagraj"
1057,"Vikas Singh","Lucknow"
1058,"Rohit Agarwal","Kanpur"
1059,"Rohit Sharma","Agra"
1060,"Pankaj Jain","Agra"
1061,"Manish Sharma","Lucknow"
1062,"Manish Mishra","Prayagraj"
1063,"Pankaj Verma","Prayagraj"
1064,"Mohit Mishra","Prayagraj"
1065,"Yash Gupta","Agra"
1066,"Ankit Agarwal","Lucknow"
1067,"Saurabh Mishra","Lucknow"
1068,"Vikas Sharma","Lucknow"
1069,"Manish Jain","Prayagraj"
1070,"Yash Mishra","Agra"
1071,"Ankit Pandey","Prayagraj"
1072,"Manish Tiwari","Delhi"
1073,"Ayush Agarwal","Agra"
1074,"Pankaj Verma","Noida"
1075,"Amit Tiwari","Prayagraj"
1076,"Vivek Jain","Delhi"
1077,"Rahul Verma","Lucknow"
1078,"Yash Jain","Kanpur"
1079,"Deepak Jain","Kanpur"
1080,"Rohit Pandey","Noida"
1081,"Pankaj Mishra","Lucknow"
1082,"Yash Tiwari","Prayagraj"
1083,"Aditya Verma","Agra"
1084,"Abhishek Tiwari","Delhi"
1085,"Vivek Verma","Lucknow"
1086,"Vivek Tiwari","Prayagraj"
1087,"Aditya Mishra","Prayagraj"
1088,"Shubham Agarwal","Kanpur"
1089,"Pankaj Verma","Delhi"
1090,"Deepak Yadav","Kanpur"
1091,"Shubham Agarwal","Kanpur"
1092,"Karan Pandey","Agra"
1093,"Amit Gupta","Noida"
1094,"Abhishek Jain","Agra"
1095,"Pankaj Sharma","Lucknow"
1096,"Deepak Agarwal","Lucknow"
1097,"Manish Pandey","Prayagraj"
1098,"Aditya Verma","Kanpur"
1099,"Varun Gupta","Prayagraj"
1100,"Rohit Mishra","Noida"
1101,"Rahul Agarwal","Agra"
1102,"Vikas Gupta","Kanpur"
1103,"Pankaj Verma","Prayagraj"
1104,"Saurabh Pandey","Prayagraj"
1105,"Manish Agarwal","Prayagraj"
1106,"Deepak Tiwari","Agra"
1107,"Aditya Gupta","Agra"
1108,"Karan Singh","Agra"
1109,"Arjun Jain","Noida"
1110,"Saurabh Verma","Delhi"
1111,"Nitin Yadav","Noida"
1112,"Deepak Sharma","Delhi"
1113,"Manish Jain","Noida"
1114,"Aditya Singh","Agra"
1115,"Karan Pandey","Delhi"
1116,"Vivek Agarwal","Noida"
1117,"Shubham Pandey","Delhi"
1118,"Arjun Gupta","Noida"
1119,"Shubham Gupta","Agra"
1120,"Amit Yadav","Prayagraj"
1121,"Aditya Tiwari","Agra"
1122,"Saurabh Pandey","Kanpur"
1123,"Saurabh Agarwal","Noida"
1124,"Vivek Verma","Agra"
1125,"Ankit Agarwal","Agra"
1126,"Rahul Singh","Agra"
1127,"Saurabh Verma","Agra"
1128,"Deepak Yadav","Noida"
1129,"Shubham Verma","Delhi"
1130,"Karan Tiwari","Delhi"
1131,"Aditya Agarwal","Kanpur"
1132,"Varun Verma","Lucknow"
1133,"Manish Gupta","Prayagraj"
1134,"Vikas Tiwari","Kanpur"
1135,"Ankit Pandey","Lucknow"
1136,"Manish Sharma","Kanpur"
1137,"Vivek Sharma","Delhi"
1138,"Abhishek Yadav","Agra"
1139,"Saurabh Gupta","Noida"
1140,"Nitin Jain","Prayagraj"
1141,"Rohit Singh","Lucknow"
1142,"Vikas Jain","Agra"
1143,"Varun Gupta","Agra"
1144,"Yash Singh","Lucknow"
1145,"Pankaj Mishra","Agra"
1146,"Deepak Sharma","Agra"
1147,"Manish Agarwal","Lucknow"
1148,"Vikas Pandey","Delhi"
1149,"Yash Mishra","Prayagraj"
1150,"Nitin Mishra","Agra"
1151,"Manish Gupta","Agra"
1152,"Aditya Verma","Lucknow"
1153,"Shubham Jain","Delhi"
1154,"Yash Mishra","Prayagraj"
1155,"Manish Sharma","Prayagraj"
1156,"Shubham Mishra","Kanpur"
1157,"Yash Sharma","Noida"
1158,"Aditya Mishra","Lucknow"
1159,"Varun Yadav","Lucknow"
1160,"Arjun Jain","Delhi"
1161,"Saurabh Verma","Prayagraj"
1162,"Amit Mishra","Agra"
1163,"Amit Jain","Delhi"
1164,"Saurabh Verma","Delhi"
1165,"Vivek Tiwari","Lucknow"
1166,"Arjun Singh","Noida"
1167,"Abhishek Agarwal","Noida"
1168,"Deepak Singh","Delhi"
1169,"Aditya Mishra","Prayagraj"
1170,"Vivek Verma","Agra"
1171,"Vikas Singh","Lucknow"
1172,"Shubham Agarwal","Delhi"
1173,"Vikas Tiwari","Kanpur"
1174,"Deepak Agarwal","Kanpur"
1175,"Pankaj Yadav","Prayagraj"
1176,"Deepak Jain","Agra"
1177,"Abhishek Verma","Prayagraj"
1178,"Mohit Pandey","Kanpur"
1179,"Varun Agarwal","Delhi"
1180,"Varun Gupta","Prayagraj"
1181,"Vikas Pandey","Prayagraj"
1182,"Manish Tiwari","Kanpur"
1183,"Saurabh Sharma","Kanpur"
1184,"Manish Pandey","Kanpur"
1185,"Ankit Gupta","Noida"
1186,"Saurabh Tiwari","Agra"
1187,"Abhishek Agarwal","Agra"
1188,"Yash Singh","Agra"
1189,"Ankit Pandey","Noida"
1190,"Nitin Mishra","Kanpur"
1191,"Abhishek Gupta","Agra"
1192,"Pankaj Gupta","Delhi"
1193,"Ankit Yadav","Noida"
1194,"Abhishek Sharma","Agra"
1195,"Deepak Gupta","Kanpur"
1196,"Pankaj Verma","Prayagraj"
1197,"Arjun Jain","Kanpur"
1198,"Amit Yadav","Lucknow"
1199,"Saurabh Jain","Lucknow"
1200,"Vikas Agarwal","Lucknow"
1201,"Yash Gupta","Lucknow"
1202,"Vivek Singh","Noida"
1203,"Rahul Mishra","Lucknow"
1204,"Saurabh Agarwal","Delhi"
1205,"Rohit Verma","Prayagraj"
1206,"Rahul Singh","Kanpur"
1207,"Abhishek Gupta","Noida"
1208,"Vivek Sharma","Lucknow"
1209,"Deepak Sharma","Lucknow"
1210,"Nitin Agarwal","Kanpur"
1211,"Vikas Pandey","Agra"
1212,"Abhishek Agarwal","Noida"
1213,"Ankit Pandey","Noida"
1214,"Mohit Jain","Kanpur"
1215,"Ayush Mishra","Agra"
1216,"Rahul Sharma","Agra"
1217,"Shubham Tiwari","Prayagraj"
1218,"Ankit Pandey","Prayagraj"
1219,"Pankaj Verma","Kanpur"
1220,"Vivek Jain","Lucknow"
1221,"Vikas Singh","Delhi"
1222,"Varun Jain","Noida"
1223,"Vivek Tiwari","Noida"
1224,"Ayush Mishra","Agra"
1225,"Ayush Jain","Agra"
1226,"Ankit Verma","Prayagraj"
1227,"Karan Gupta","Agra"
1228,"Pankaj Gupta","Agra"
1229,"Vivek Pandey","Agra"
1230,"Nitin Verma","Delhi"
1231,"Nitin Yadav","Prayagraj"
1232,"Deepak Yadav","Lucknow"
1233,"Aditya Verma","Kanpur"
1234,"Vikas Verma","Agra"
1235,"Ankit Yadav","Lucknow"
1236,"Karan Sharma","Noida"
1237,"Karan Agarwal","Delhi"
1238,"Ankit Tiwari","Delhi"
1239,"Nitin Sharma","Delhi"
1240,"Varun Mishra","Delhi"
1241,"Ankit Jain","Noida"
1242,"Arjun Singh","Prayagraj"
1243,"Aditya Gupta","Kanpur"
1244,"Abhishek Agarwal","Delhi"
1245,"Ankit Mishra","Noida"
1246,"Mohit Tiwari","Noida"
1247,"Varun Jain","Prayagraj"
1248,"Karan Sharma","Noida"
1249,"Deepak Sharma","Lucknow"
1250,"Deepak Mishra","Delhi"
1251,"Abhishek Sharma","Lucknow"
1252,"Saurabh Jain","Prayagraj"
1253,"Shubham Verma","Lucknow"
1254,"Rahul Verma","Prayagraj"
1255,"Ayush Gupta","Agra"
1256,"Nitin Pandey","Delhi"
1257,"Rohit Yadav","Delhi"
1258,"Vivek Jain","Noida"
1259,"Vikas Sharma","Lucknow"
1260,"Rohit Jain","Kanpur"
1261,"Vikas Mishra","Agra"
1262,"Nitin Pandey","Noida"
1263,"Pankaj Tiwari","Delhi"
1264,"Arjun Agarwal","Kanpur"
1265,"Abhishek Tiwari","Kanpur"
1266,"Manish Jain","Agra"
1267,"Ayush Mishra","Kanpur"
1268,"Mohit Tiwari","Noida"
1269,"Amit Sharma","Lucknow"
1270,"Manish Gupta","Lucknow"
1271,"Deepak Mishra","Delhi"
1272,"Ankit Sharma","Agra"
1273,"Nitin Singh","Lucknow"
1274,"Shubham Agarwal","Prayagraj"
1275,"Mohit Agarwal","Noida"
1276,"Abhishek Verma","Agra"
1277,"Amit Tiwari","Kanpur"
1278,"Pankaj Verma","Delhi"
1279,"Yash Tiwari","Noida"
1280,"Shubham Tiwari","Delhi"
1281,"Ankit Tiwari","Kanpur"
1282,"Vivek Singh","Noida"
1283,"Pankaj Yadav","Kanpur"
1284,"Nitin Verma","Lucknow"
1285,"Nitin Jain","Agra"
1286,"Ayush Verma","Agra"
1287,"Manish Yadav","Lucknow"
1288,"Vivek Singh","Kanpur"
1289,"Ayush Verma","Noida"
1290,"Ayush Gupta","Delhi"
1291,"Abhishek Singh","Lucknow"
1292,"Ankit Singh","Delhi"
1293,"Arjun Singh","Noida"
1294,"Saurabh Verma","Lucknow"
1295,"Aditya Pandey","Noida"
1296,"Yash Pandey","Prayagraj"
1297,"Yash Jain","Delhi"
1298,"Vivek Singh","Agra"
1299,"Vikas Pandey","Agra"
1300,"Manish Mishra","Noida"
1301,"Amit Yadav","Noida"
1302,"Vikas Mishra","Agra"
1303,"Pankaj Sharma","Kanpur"
1304,"Abhishek Mishra","Kanpur"
1305,"Vikas Jain","Noida"
1306,"Ayush Tiwari","Agra"
1307,"Yash Agarwal","Prayagraj"
1308,"Amit Pandey","Noida"
1309,"Arjun Yadav","Noida"
1310,"Aditya Agarwal","Lucknow"
1311,"Amit Pandey","Kanpur"
1312,"Vivek Verma","Noida"
1313,"Rohit Sharma","Lucknow"
1314,"Pankaj Pandey","Noida"
1315,"Ayush Jain","Lucknow"
1316,"Abhishek Yadav","Delhi"
1317,"Shubham Tiwari","Delhi"
1318,"Varun Sharma","Prayagraj"
1319,"Vivek Verma","Delhi"
1320,"Ankit Agarwal","Prayagraj"
1321,"Shubham Mishra","Delhi"
1322,"Varun Singh","Delhi"
1323,"Vikas Jain","Prayagraj"
1324,"Saurabh Yadav","Delhi"
1325,"Shubham Singh","Noida"
1326,"Vikas Mishra","Noida"
1327,"Shubham Yadav","Lucknow"
1328,"Ayush Verma","Prayagraj"
1329,"Nitin Agarwal","Delhi"
1330,"Rahul Yadav","Delhi"
1331,"Rohit Gupta","Delhi"
1332,"Aditya Gupta","Lucknow"
1333,"Saurabh Singh","Kanpur"
1334,"Manish Verma","Noida"
1335,"Karan Agarwal","Kanpur"
1336,"Vivek Jain","Lucknow"
1337,"Varun Tiwari","Lucknow"
1338,"Rohit Singh","Prayagraj"
1339,"Varun Singh","Prayagraj"
1340,"Pankaj Sharma","Agra"
1341,"Abhishek Gupta","Agra"
1342,"Varun Mishra","Prayagraj"
1343,"Pankaj Gupta","Noida"
1344,"Mohit Mishra","Agra"
1345,"Arjun Yadav","Prayagraj"
1346,"Yash Pandey","Agra"
1347,"Manish Tiwari","Noida"
1348,"Ayush Tiwari","Lucknow"
1349,"Arjun Jain","Lucknow"
1350,"Deepak Sharma","Prayagraj"
1351,"Aditya Yadav","Noida"
1352,"Ankit Agarwal","Kanpur"
1353,"Manish Verma","Lucknow"
1354,"Deepak Pandey","Noida"
1355,"Saurabh Tiwari","Kanpur"
1356,"Mohit Pandey","Delhi"
1357,"Rahul Tiwari","Kanpur"
1358,"Shubham Agarwal","Delhi"
1359,"Mohit Tiwari","Kanpur"
1360,"Abhishek Gupta","Kanpur"
1361,"Vivek Verma","Prayagraj"
1362,"Vivek Singh","Lucknow"
1363,"Amit Mishra","Agra"
1364,"Saurabh Pandey","Agra"
1365,"Varun Sharma","Kanpur"
1366,"Rahul Mishra","Lucknow"
1367,"Saurabh Agarwal","Prayagraj"
1368,"Varun Agarwal","Agra"
1369,"Ankit Mishra","Lucknow"
1370,"Manish Verma","Kanpur"
1371,"Mohit Tiwari","Prayagraj"
1372,"Varun Pandey","Kanpur"
1373,"Ankit Pandey","Noida"
1374,"Karan Sharma","Prayagraj"
1375,"Ayush Jain","Lucknow"
1376,"Saurabh Mishra","Agra"
1377,"Rahul Jain","Delhi"
1378,"Mohit Jain","Agra"
1379,"Rohit Verma","Noida"
1380,"Abhishek Verma","Noida"
1381,"Karan Agarwal","Noida"
1382,"Karan Sharma","Agra"
1383,"Aditya Sharma","Prayagraj"
1384,"Shubham Yadav","Delhi"
1385,"Rahul Yadav","Kanpur"
1386,"Abhishek Gupta","Prayagraj"
1387,"Ankit Jain","Prayagraj"
1388,"Vivek Singh","Kanpur"
1389,"Abhishek Agarwal","Delhi"
1390,"Rohit Pandey","Prayagraj"
1391,"Aditya Singh","Lucknow"
1392,"Vikas Pandey","Kanpur"
1393,"Manish Gupta","Kanpur"
1394,"Arjun Sharma","Delhi"
1395,"Manish Agarwal","Agra"
1396,"Karan Pandey","Delhi"
1397,"Amit Gupta","Delhi"
1398,"Abhishek Sharma","Prayagraj"
1399,"Vivek Mishra","Kanpur"
1400,"Abhishek Tiwari","Agra"
1401,"Pankaj Tiwari","Delhi"
1402,"Rohit Pandey","Prayagraj"
1403,"Aditya Yadav","Noida"
1404,"Deepak Verma","Prayagraj"
1405,"Nitin Verma","Agra"
1406,"Varun Singh","Noida"
1407,"Manish Yadav","Kanpur"
1408,"Vikas Yadav","Prayagraj"
1409,"Manish Mishra","Agra"
1410,"Varun Tiwari","Lucknow"
1411,"Pankaj Yadav","Agra"
1412,"Amit Yadav","Noida"
1413,"Nitin Mishra","Prayagraj"
1414,"Amit Verma","Prayagraj"
1415,"Shubham Yadav","Noida"
1416,"Rohit Sharma","Lucknow"
1417,"Varun Pandey","Kanpur"
1418,"Saurabh Verma","Lucknow"
1419,"Abhishek Yadav","Agra"
1420,"Yash Sharma","Noida"
1421,"Saurabh Pandey","Delhi"
1422,"Abhishek Pandey","Kanpur"
1423,"Yash Singh","Noida"
1424,"Abhishek Tiwari","Delhi"
1425,"Deepak Gupta","Kanpur"
1426,"Rahul Singh","Agra"
1427,"Ayush Tiwari","Noida"
1428,"Ankit Mishra","Delhi"
1429,"Pankaj Gupta","Noida"
1430,"Manish Pandey","Lucknow"
1431,"Ankit Singh","Kanpur"
1432,"Pankaj Singh","Prayagraj"
1433,"Pankaj Verma","Prayagraj"
1434,"Vivek Yadav","Prayagraj"
1435,"Vikas Agarwal","Noida"
1436,"Manish Mishra","Lucknow"
1437,"Rohit Yadav","Noida"
1438,"Mohit Verma","Lucknow"
1439,"Saurabh Gupta","Agra"
1440,"Rahul Yadav","Noida"
1441,"Yash Yadav","Agra"
1442,"Karan Singh","Noida"
1443,"Vikas Verma","Delhi"
1444,"Shubham Pandey","Noida"
1445,"Nitin Tiwari","Noida"
1446,"Vikas Singh","Delhi"
1447,"Vikas Pandey","Agra"
1448,"Ayush Yadav","Lucknow"
1449,"Karan Jain","Lucknow"
1450,"Saurabh Tiwari","Noida"
1451,"Amit Verma","Noida"
1452,"Saurabh Mishra","Lucknow"
1453,"Rohit Yadav","Prayagraj"
1454,"Mohit Yadav","Noida"
1455,"Manish Verma","Delhi"
1456,"Arjun Agarwal","Delhi"
1457,"Saurabh Mishra","Noida"
1458,"Karan Verma","Noida"
1459,"Rohit Jain","Noida"
1460,"Saurabh Singh","Prayagraj"
1461,"Varun Jain","Delhi"
1462,"Yash Sharma","Kanpur"
1463,"Vikas Sharma","Prayagraj"
1464,"Yash Mishra","Prayagraj"
1465,"Arjun Jain","Agra"
1466,"Varun Sharma","Agra"
1467,"Karan Mishra","Prayagraj"
1468,"Manish Pandey","Lucknow"
1469,"Shubham Mishra","Agra"
1470,"Vikas Sharma","Lucknow"
1471,"Pankaj Tiwari","Agra"
1472,"Pankaj Gupta","Delhi"
1473,"Varun Singh","Delhi"
1474,"Vivek Yadav","Agra"
1475,"Saurabh Yadav","Noida"
1476,"Karan Verma","Delhi"
1477,"Mohit Pandey","Kanpur"
1478,"Deepak Pandey","Lucknow"
1479,"Saurabh Verma","Kanpur"
1480,"Manish Tiwari","Noida"
1481,"Nitin Gupta","Lucknow"
1482,"Vivek Jain","Prayagraj"
1483,"Vivek Gupta","Lucknow"
1484,"Aditya Agarwal","Agra"
1485,"Aditya Mishra","Agra"
1486,"Rahul Verma","Agra"
1487,"Ayush Pandey","Lucknow"
1488,"Arjun Jain","Delhi"
1489,"Amit Sharma","Delhi"
1490,"Aditya Jain","Prayagraj"
1491,"Aditya Mishra","Noida"
1492,"Rahul Verma","Agra"
1493,"Saurabh Mishra","Prayagraj"
1494,"Abhishek Tiwari","Delhi"
1495,"Amit Tiwari","Kanpur"
1496,"Yash Agarwal","Lucknow"
1497,"Abhishek Agarwal","Delhi"
1498,"Vikas Tiwari","Noida"
1499,"Pankaj Agarwal","Delhi"
1500,"Varun Jain","Kanpur"
1501,"Saurabh Verma","Agra"
1502,"Abhishek Yadav","Noida"
1503,"Abhishek Singh","Lucknow"
1504,"Varun Agarwal","Agra"
1505,"Ayush Sharma","Kanpur"
1506,"Amit Singh","Prayagraj"
1507,"Vivek Pandey","Noida"
1508,"Pankaj Singh","Noida"
1509,"Ayush Singh","Delhi"
1510,"Varun Yadav","Lucknow"
1511,"Shubham Jain","Prayagraj"
1512,"Manish Jain","Delhi"
1513,"Ayush Agarwal","Noida"
1514,"Aditya Jain","Delhi"
1515,"Aditya Sharma","Delhi"
1516,"Vivek Verma","Agra"
1517,"Yash Mishra","Prayagraj"
1518,"Rahul Jain","Agra"
1519,"Deepak Jain","Noida"
1520,"Mohit Sharma","Noida"
1521,"Aditya Singh","Noida"
1522,"Varun Tiwari","Lucknow"
1523,"Mohit Sharma","Noida"
1524,"Ankit Gupta","Kanpur"
1525,"Pankaj Yadav","Agra"
1526,"Saurabh Tiwari","Prayagraj"
1527,"Arjun Tiwari","Noida"
1528,"Varun Pandey","Prayagraj"
1529,"Amit Singh","Noida"
1530,"Arjun Agarwal","Delhi"
1531,"Aditya Agarwal","Agra"
1532,"Vivek Singh","Agra"
1533,"Karan Yadav","Noida"
1534,"Abhishek Mishra","Noida"
1535,"Aditya Gupta","Lucknow"
1536,"Deepak Agarwal","Delhi"
1537,"Mohit Mishra","Delhi"
1538,"Arjun Pandey","Delhi"
1539,"Aditya Yadav","Noida"
1540,"Deepak Mishra","Kanpur"
1541,"Yash Agarwal","Agra"
1542,"Shubham Yadav","Lucknow"
1543,"Manish Sharma","Delhi"
1544,"Vikas Yadav","Agra"
1545,"Deepak Pandey","Lucknow"
1546,"Arjun Agarwal","Delhi"
1547,"Karan Mishra","Lucknow"
1548,"Ankit Jain","Prayagraj"
1549,"Yash Gupta","Lucknow"
1550,"Amit Agarwal","Lucknow"
1551,"Mohit Sharma","Kanpur"
1552,"Nitin Yadav","Prayagraj"
1553,"Aditya Verma","Prayagraj"
1554,"Saurabh Sharma","Noida"
1555,"Rohit Tiwari","Prayagraj"
1556,"Aditya Pandey","Prayagraj"
1557,"Arjun Mishra","Delhi"
1558,"Manish Sharma","Kanpur"
1559,"Yash Gupta","Noida"
1560,"Amit Singh","Agra"
1561,"Rohit Sharma","Agra"
1562,"Aditya Singh","Prayagraj"
1563,"Manish Sharma","Kanpur"
1564,"Manish Jain","Noida"
1565,"Ankit Yadav","Delhi"
1566,"Pankaj Agarwal","Noida"
1567,"Aditya Singh","Noida"
1568,"Pankaj Mishra","Lucknow"
1569,"Ankit Yadav","Lucknow"
1570,"Pankaj Mishra","Prayagraj"
1571,"Rohit Sharma","Prayagraj"
1572,"Vivek Mishra","Noida"
1573,"Arjun Singh","Noida"
1574,"Shubham Tiwari","Noida"
1575,"Vivek Verma","Agra"
1576,"Ankit Singh","Lucknow"
1577,"Aditya Yadav","Lucknow"
1578,"Rahul Mishra","Agra"
1579,"Mohit Pandey","Delhi"
1580,"Vivek Mishra","Noida"
1581,"Yash Sharma","Delhi"
1582,"Abhishek Gupta","Kanpur"
1583,"Ankit Pandey","Delhi"
1584,"Rohit Tiwari","Prayagraj"
1585,"Ayush Mishra","Prayagraj"
1586,"Ankit Mishra","Delhi"
1587,"Varun Gupta","Lucknow"
1588,"Saurabh Pandey","Lucknow"
1589,"Pankaj Jain","Delhi"
1590,"Nitin Agarwal","Agra"
1591,"Karan Gupta","Lucknow"
1592,"Varun Verma","Noida"
1593,"Pankaj Agarwal","Prayagraj"
1594,"Abhishek Verma","Noida"
1595,"Ankit Sharma","Noida"
1596,"Ayush Gupta","Noida"
1597,"Karan Singh","Lucknow"
1598,"Vivek Agarwal","Agra"
1599,"Ankit Gupta","Prayagraj"
1600,"Yash Pandey","Kanpur"
1601,"Ayush Pandey","Kanpur"
1602,"Pankaj Singh","Noida"
1603,"Nitin Pandey","Noida"
1604,"Amit Agarwal","Agra"
1605,"Manish Sharma","Agra"
1606,"Deepak Sharma","Prayagraj"
1607,"Arjun Jain","Kanpur"
1608,"Amit Tiwari","Delhi"
1609,"Vikas Agarwal","Kanpur"
1610,"Vikas Pandey","Kanpur"
1611,"Manish Tiwari","Lucknow"
1612,"Saurabh Tiwari","Delhi"
1613,"Shubham Pandey","Agra"
1614,"Shubham Verma","Prayagraj"
1615,"Karan Singh","Prayagraj"
1616,"Abhishek Verma","Lucknow"
1617,"Karan Tiwari","Noida"
1618,"Saurabh Gupta","Kanpur"
1619,"Rahul Mishra","Agra"
1620,"Karan Tiwari","Noida"
1621,"Shubham Gupta","Lucknow"
1622,"Pankaj Yadav","Lucknow"
1623,"Deepak Gupta","Prayagraj"
1624,"Ankit Sharma","Prayagraj"
1625,"Nitin Jain","Kanpur"
1626,"Mohit Gupta","Kanpur"
1627,"Ankit Jain","Kanpur"
1628,"Pankaj Jain","Prayagraj"
1629,"Amit Gupta","Prayagraj"
1630,"Amit Tiwari","Agra"
1631,"Mohit Agarwal","Lucknow"
1632,"Amit Singh","Noida"
1633,"Manish Gupta","Prayagraj"
1634,"Yash Yadav","Noida"
1635,"Varun Yadav","Lucknow"
1636,"Manish Singh","Prayagraj"
1637,"Ayush Gupta","Agra"
1638,"Manish Mishra","Kanpur"
1639,"Karan Jain","Prayagraj"
1640,"Rohit Tiwari","Noida"
1641,"Aditya Sharma","Delhi"
1642,"Shubham Agarwal","Delhi"
1643,"Nitin Tiwari","Lucknow"
1644,"Manish Tiwari","Lucknow"
1645,"Karan Pandey","Lucknow"
1646,"Mohit Mishra","Prayagraj"
1647,"Saurabh Pandey","Kanpur"
1648,"Karan Tiwari","Agra"
1649,"Karan Agarwal","Lucknow"
1650,"Shubham Gupta","Delhi"
1651,"Arjun Yadav","Prayagraj"
1652,"Vikas Pandey","Delhi"
1653,"Vikas Agarwal","Prayagraj"
1654,"Arjun Sharma","Delhi"
1655,"Shubham Jain","Noida"
1656,"Amit Verma","Lucknow"
1657,"Yash Agarwal","Lucknow"
1658,"Aditya Gupta","Delhi"
1659,"Manish Sharma","Lucknow"
1660,"Arjun Verma","Prayagraj"
1661,"Aditya Gupta","Prayagraj"
1662,"Varun Gupta","Agra"
1663,"Mohit Agarwal","Delhi"
1664,"Manish Tiwari","Agra"
1665,"Karan Yadav","Delhi"
1666,"Deepak Yadav","Noida"
1667,"Aditya Pandey","Kanpur"
1668,"Aditya Yadav","Lucknow"
1669,"Abhishek Yadav","Agra"
1670,"Amit Jain","Lucknow"
1671,"Saurabh Sharma","Delhi"
1672,"Karan Jain","Noida"
1673,"Nitin Mishra","Lucknow"
1674,"Arjun Yadav","Lucknow"
1675,"Shubham Jain","Lucknow"
1676,"Aditya Agarwal","Prayagraj"
1677,"Vivek Mishra","Agra"
1678,"Aditya Pandey","Lucknow"
1679,"Abhishek Singh","Lucknow"
1680,"Karan Pandey","Lucknow"
1681,"Karan Sharma","Noida"
1682,"Amit Verma","Prayagraj"
1683,"Amit Sharma","Agra"
1684,"Saurabh Gupta","Kanpur"
1685,"Saurabh Sharma","Lucknow"
1686,"Ayush Pandey","Delhi"
1687,"Amit Jain","Prayagraj"
1688,"Varun Pandey","Prayagraj"
1689,"Aditya Sharma","Kanpur"
1690,"Karan Agarwal","Agra"
1691,"Rahul Sharma","Noida"
1692,"Deepak Agarwal","Delhi"
1693,"Rahul Agarwal","Prayagraj"
1694,"Nitin Singh","Kanpur"
1695,"Ankit Agarwal","Lucknow"
1696,"Mohit Gupta","Noida"
1697,"Ayush Mishra","Delhi"
1698,"Deepak Tiwari","Kanpur"
1699,"Abhishek Tiwari","Agra"
1700,"Yash Gupta","Prayagraj"
1701,"Mohit Mishra","Prayagraj"
1702,"Vikas Sharma","Kanpur"
1703,"Shubham Tiwari","Agra"
1704,"Karan Pandey","Kanpur"
1705,"Rahul Singh","Kanpur"
1706,"Aditya Tiwari","Prayagraj"
1707,"Vivek Jain","Kanpur"
1708,"Ayush Sharma","Lucknow"
1709,"Arjun Jain","Agra"
1710,"Deepak Sharma","Kanpur"
1711,"Deepak Agarwal","Noida"
1712,"Amit Singh","Delhi"
1713,"Rahul Gupta","Noida"
1714,"Saurabh Tiwari","Kanpur"
1715,"Manish Singh","Noida"
1716,"Mohit Jain","Agra"
1717,"Karan Yadav","Agra"
1718,"Saurabh Verma","Noida"
1719,"Abhishek Sharma","Kanpur"
1720,"Nitin Gupta","Kanpur"
1721,"Vivek Jain","Noida"
1722,"Varun Tiwari","Delhi"
1723,"Rahul Mishra","Agra"
1724,"Aditya Gupta","Delhi"
1725,"Karan Tiwari","Agra"
1726,"Rohit Jain","Prayagraj"
1727,"Shubham Verma","Noida"
1728,"Manish Gupta","Prayagraj"
1729,"Vikas Verma","Delhi"
1730,"Saurabh Tiwari","Prayagraj"
1731,"Saurabh Tiwari","Delhi"
1732,"Abhishek Verma","Kanpur"
1733,"Rahul Mishra","Agra"
1734,"Abhishek Mishra","Kanpur"
1735,"Saurabh Verma","Lucknow"
1736,"Nitin Pandey","Noida"
1737,"Karan Agarwal","Agra"
1738,"Ankit Sharma","Kanpur"
1739,"Abhishek Agarwal","Kanpur"
1740,"Varun Jain","Delhi"
1741,"Shubham Sharma","Delhi"
1742,"Nitin Tiwari","Kanpur"
1743,"Karan Gupta","Noida"
1744,"Ayush Singh","Prayagraj"
1745,"Shubham Singh","Lucknow"
1746,"Deepak Mishra","Delhi"
1747,"Aditya Singh","Kanpur"
1748,"Rohit Tiwari","Delhi"
1749,"Nitin Mishra","Agra"
1750,"Vikas Yadav","Delhi"
1751,"Mohit Pandey","Noida"
1752,"Varun Gupta","Agra"
1753,"Ankit Singh","Delhi"
1754,"Rahul Tiwari","Delhi"
1755,"Varun Tiwari","Delhi"
1756,"Pankaj Yadav","Agra"
1757,"Varun Singh","Delhi"
1758,"Vivek Jain","Prayagraj"
1759,"Arjun Pandey","Delhi"
1760,"Rohit Tiwari","Delhi"
1761,"Manish Pandey","Noida"
1762,"Mohit Yadav","Agra"
1763,"Deepak Tiwari","Delhi"
1764,"Ankit Jain","Lucknow"
1765,"Yash Agarwal","Lucknow"
1766,"Karan Sharma","Prayagraj"
1767,"Pankaj Gupta","Agra"
1768,"Manish Verma","Agra"
1769,"Aditya Singh","Prayagraj"
1770,"Manish Gupta","Delhi"
1771,"Saurabh Tiwari","Agra"
1772,"Vikas Pandey","Noida"
1773,"Aditya Jain","Agra"
1774,"Karan Agarwal","Prayagraj"
1775,"Nitin Agarwal","Kanpur"
1776,"Abhishek Agarwal","Noida"
1777,"Vikas Verma","Lucknow"
1778,"Abhishek Singh","Prayagraj"
1779,"Varun Sharma","Noida"
1780,"Shubham Yadav","Agra"
1781,"Ankit Sharma","Kanpur"
1782,"Deepak Gupta","Noida"
1783,"Ayush Agarwal","Noida"
1784,"Yash Gupta","Agra"
1785,"Abhishek Tiwari","Agra"
1786,"Yash Agarwal","Lucknow"
1787,"Abhishek Sharma","Agra"
1788,"Ankit Mishra","Agra"
1789,"Vikas Verma","Prayagraj"
1790,"Saurabh Yadav","Delhi"
1791,"Vivek Pandey","Lucknow"
1792,"Ayush Pandey","Delhi"
1793,"Aditya Verma","Agra"
1794,"Pankaj Yadav","Kanpur"
1795,"Manish Sharma","Prayagraj"
1796,"Ankit Sharma","Delhi"
1797,"Ankit Singh","Prayagraj"
1798,"Mohit Agarwal","Lucknow"
1799,"Karan Singh","Delhi"
1800,"Karan Tiwari","Agra"
1801,"Mohit Tiwari","Prayagraj"
1802,"Rohit Singh","Prayagraj"
1803,"Nitin Tiwari","Kanpur"
1804,"Varun Gupta","Agra"
1805,"Yash Tiwari","Agra"
1806,"Rahul Gupta","Lucknow"
1807,"Deepak Verma","Noida"
1808,"Ankit Agarwal","Lucknow"
1809,"Abhishek Yadav","Lucknow"
1810,"Pankaj Verma","Delhi"
1811,"Aditya Agarwal","Prayagraj"
1812,"Vivek Jain","Agra"
1813,"Varun Tiwari","Noida"
1814,"Ankit Yadav","Delhi"
1815,"Pankaj Jain","Lucknow"
1816,"Manish Jain","Noida"
1817,"Vikas Singh","Delhi"
1818,"Ankit Gupta","Delhi"
1819,"Ankit Singh","Delhi"
1820,"Saurabh Agarwal","Agra"
1821,"Nitin Jain","Lucknow"
1822,"Yash Tiwari","Agra"
1823,"Rohit Pandey","Prayagraj"
1824,"Karan Singh","Noida"
1825,"Rohit Pandey","Delhi"
1826,"Saurabh Singh","Delhi"
1827,"Pankaj Jain","Kanpur"
1828,"Abhishek Sharma","Agra"
1829,"Saurabh Gupta","Agra"
1830,"Karan Agarwal","Prayagraj"
1831,"Aditya Tiwari","Prayagraj"
1832,"Aditya Tiwari","Prayagraj"
1833,"Pankaj Pandey","Lucknow"
1834,"Vikas Jain","Kanpur"
1835,"Mohit Mishra","Kanpur"
1836,"Deepak Gupta","Noida"
1837,"Manish Singh","Agra"
1838,"Yash Pandey","Noida"
1839,"Ayush Verma","Noida"
1840,"Ankit Mishra","Noida"
1841,"Abhishek Agarwal","Kanpur"
1842,"Pankaj Agarwal","Lucknow"
1843,"Nitin Verma","Prayagraj"
1844,"Mohit Mishra","Kanpur"
1845,"Pankaj Mishra","Delhi"
1846,"Vikas Pandey","Kanpur"
1847,"Mohit Gupta","Prayagraj"
1848,"Yash Yadav","Prayagraj"
1849,"Varun Tiwari","Lucknow"
1850,"Varun Singh","Lucknow"
1851,"Arjun Sharma","Noida"
1852,"Abhishek Agarwal","Delhi"
1853,"Varun Agarwal","Lucknow"
1854,"Vivek Mishra","Delhi"
1855,"Yash Mishra","Noida"
1856,"Ankit Singh","Agra"
1857,"Amit Mishra","Prayagraj"
1858,"Saurabh Singh","Lucknow"
1859,"Saurabh Yadav","Lucknow"
1860,"Shubham Pandey","Lucknow"
1861,"Yash Mishra","Prayagraj"
1862,"Nitin Tiwari","Agra"
1863,"Vikas Verma","Agra"
1864,"Ayush Mishra","Prayagraj"
1865,"Abhishek Pandey","Agra"
1866,"Vivek Jain","Kanpur"
1867,"Vikas Pandey","Prayagraj"
1868,"Abhishek Verma","Noida"
1869,"Shubham Gupta","Agra"
1870,"Arjun Pandey","Delhi"
1871,"Vivek Mishra","Delhi"
1872,"Karan Jain","Lucknow"
1873,"Yash Pandey","Delhi"
1874,"Amit Sharma","Kanpur"
1875,"Pankaj Sharma","Kanpur"
1876,"Rohit Pandey","Agra"
1877,"Rahul Tiwari","Lucknow"
1878,"Saurabh Mishra","Lucknow"
1879,"Deepak Verma","Prayagraj"
1880,"Abhishek Mishra","Kanpur"
1881,"Abhishek Singh","Kanpur"
1882,"Shubham Mishra","Prayagraj"
1883,"Mohit Tiwari","Prayagraj"
1884,"Vikas Verma","Kanpur"
1885,"Arjun Pandey","Kanpur"
1886,"Saurabh Jain","Lucknow"
1887,"Ayush Pandey","Kanpur"
1888,"Rahul Yadav","Kanpur"
1889,"Nitin Singh","Agra"
1890,"Vikas Gupta","Agra"
1891,"Vikas Verma","Kanpur"
1892,"Vivek Yadav","Delhi"
1893,"Saurabh Tiwari","Lucknow"
1894,"Saurabh Verma","Noida"
1895,"Yash Sharma","Noida"
1896,"Rohit Pandey","Delhi"
1897,"Arjun Singh","Agra"
1898,"Varun Pandey","Lucknow"
1899,"Vikas Verma","Lucknow"
1900,"Ankit Jain","Prayagraj"
1901,"Shubham Yadav","Agra"
1902,"Vivek Singh","Lucknow"
1903,"Deepak Verma","Lucknow"
1904,"Karan Jain","Noida"
1905,"Varun Mishra","Prayagraj"
1906,"Rahul Mishra","Lucknow"
1907,"Ayush Jain","Noida"
1908,"Arjun Tiwari","Delhi"
1909,"Amit Gupta","Agra"
1910,"Shubham Verma","Lucknow"
1911,"Aditya Jain","Kanpur"
1912,"Ayush Sharma","Delhi"
1913,"Vivek Singh","Agra"
1914,"Yash Tiwari","Delhi"
1915,"Karan Singh","Agra"
1916,"Vikas Sharma","Noida"
1917,"Vikas Sharma","Delhi"
1918,"Arjun Sharma","Kanpur"
1919,"Shubham Agarwal","Delhi"
1920,"Ayush Tiwari","Agra"
1921,"Shubham Verma","Prayagraj"
1922,"Karan Agarwal","Noida"
1923,"Saurabh Mishra","Kanpur"
1924,"Manish Verma","Noida"
1925,"Arjun Singh","Noida"
1926,"Vivek Tiwari","Noida"
1927,"Vikas Mishra","Prayagraj"
1928,"Nitin Gupta","Kanpur"
1929,"Mohit Verma","Agra"
1930,"Ankit Pandey","Noida"
1931,"Varun Sharma","Delhi"
1932,"Rohit Verma","Kanpur"
1933,"Saurabh Sharma","Lucknow"
1934,"Aditya Yadav","Noida"
1935,"Ayush Mishra","Lucknow"
1936,"Abhishek Singh","Prayagraj"
1937,"Deepak Verma","Kanpur"
1938,"Vivek Tiwari","Delhi"
1939,"Ayush Verma","Delhi"
1940,"Yash Verma","Agra"
1941,"Pankaj Agarwal","Delhi"
1942,"Amit Pandey","Noida"
1943,"Rohit Yadav","Lucknow"
1944,"Deepak Verma","Noida"
1945,"Ankit Gupta","Prayagraj"
1946,"Ayush Sharma","Kanpur"
1947,"Rahul Gupta","Kanpur"
1948,"Aditya Yadav","Agra"
1949,"Saurabh Singh","Kanpur"
1950,"Karan Tiwari","Lucknow"
1951,"Vivek Gupta","Agra"
1952,"Vivek Mishra","Kanpur"
1953,"Yash Yadav","Kanpur"
1954,"Ayush Sharma","Lucknow"
1955,"Mohit Agarwal","Kanpur"
1956,"Shubham Verma","Agra"
1957,"Manish Mishra","Delhi"
1958,"Vikas Agarwal","Agra"
1959,"Rahul Yadav","Lucknow"
1960,"Manish Jain","Delhi"
1961,"Varun Gupta","Agra"
1962,"Abhishek Jain","Agra"
1963,"Arjun Agarwal","Lucknow"
1964,"Saurabh Sharma","Agra"
1965,"Rahul Gupta","Noida"
1966,"Abhishek Sharma","Delhi"
1967,"Rahul Tiwari","Prayagraj"
1968,"Manish Verma","Lucknow"
1969,"Ayush Gupta","Agra"
1970,"Aditya Sharma","Lucknow"
1971,"Deepak Verma","Kanpur"
1972,"Mohit Agarwal","Agra"
1973,"Abhishek Pandey","Prayagraj"
1974,"Vikas Jain","Kanpur"
1975,"Ayush Singh","Prayagraj"
1976,"Shubham Verma","Noida"
1977,"Yash Sharma","Agra"
1978,"Saurabh Gupta","Delhi"
1979,"Deepak Yadav","Agra"
1980,"Vivek Yadav","Agra"
1981,"Deepak Gupta","Kanpur"
1982,"Arjun Singh","Noida"
1983,"Ankit Singh","Kanpur"
1984,"Rohit Pandey","Agra"
1985,"Vivek Tiwari","Kanpur"
1986,"Karan Yadav","Lucknow"
1987,"Pankaj Mishra","Agra"
1988,"Deepak Verma","Kanpur"
1989,"Rohit Mishra","Prayagraj"
1990,"Varun Sharma","Lucknow"
1991,"Vivek Singh","Kanpur"
1992,"Mohit Yadav","Agra"
1993,"Ayush Sharma","Prayagraj"
1994,"Manish Mishra","Lucknow"
1995,"Rahul Tiwari","Agra"
1996,"Karan Agarwal","Lucknow"
1997,"Ankit Pandey","Kanpur"
1998,"Saurabh Verma","Kanpur"
1999,"Amit Gupta","Lucknow"
2000,"Arjun Tiwari","Delhi"
